Section,Division,Group,Class,Name
A,1,,,גידולים צמחיים
A,,11,,גידול יבולים עונתיים
A,,,111,"גידול דגנים (פרט לאורז), קטניות וזרעי שמנים"
A,,,112,גידול אורז
A,,,113,"גידול ירקות, מלונים (פירות מקשה), שורשים ופקעות"
A,,,114,גידול קני סוכר
A,,,115,גידול טבק
A,,,116,גידול יבולים סיביים
A,,,117,גידול פרחים
A,,,118,משקים מעורבים בתחום גידולים צמחיים
A,,,119,גידול יבולים עונתיים אחרים ויבולים למספוא
A,,12,,גידול יבולים רב-שנתיים
A,,,120,גידול זיתים
A,,,121,גידול ענבים
A,,,122,גידול פירות טרופיים ופירות סוב-טרופיים
A,,,123,גידול הדרים
A,,,124,גידול פירות חרצניים ופירות גלעיניים
A,,,125,"גידול עצי פרי אחרים, פירות יער ואגוזים"
A,,,126,גידול פירות המשמשים להפקת שמנים
A,,,127,גידול צמחים להכנת משקאות
A,,,128,"גידול תבלינים, צמחים ארומטיים וצמחי מרפא"
A,,,129,גידול יבולים רב-שנתיים אחרים
A,,13,,הרביית צמחים
A,,,130,הרביית צמחים
A,,15,,ניהול משק חקלאי מעורב
A,,,150,ניהול משק חקלאי מעורב
A,,,151,חברות המגייסות כוח אדם לחקלאות
A,,16,,עבודות עזר לייצור חקלאי ועבודות שמתבצעות לאחר הקציר
A,,,161,עבודות עזר לגידול יבולים
A,,,163,"עבודות שמתבצעות לאחר הקציר, הקטיף, הבציר וכד'"
A,,,164,עיבוד זרעים להרביה
A,2,,,ייעור וכריתת עצים
A,,21,,גידול עצים וטיפוחם ופעילויות ייעור אחרות
A,,,210,גידול עצים וטיפוחם ופעילויות ייעור אחרות
A,,22,,כריתת עצים
A,,,220,כריתת עצים
A,,23,,"ליקוט תוצרי יער, פרט לעצים"
A,,,230,"ליקוט תוצרי יער, פרט לעצים"
A,,24,,עבודות עזר בתחום הייעור
A,,,240,עבודות עזר בתחום הייעור
A,3,,,דיג וחקלאות מים
A,,31,,דיג
A,,,311,דיג במי ים
A,,,312,דיג במים מתוקים
A,,32,,חקלאות מים
A,,,321,חקלאות מים במי ים
A,,,322,חקלאות מים במים מתוקים
A,,,323,גידול דגי נוי במי ים
A,,,324,גידול דגי נוי במים מתוקים
A,4,,,"גידול בעלי חיים, ציד ופעילויות נלוות"
A,,40,,גידול בעלי חיים
A,,,401,גידול בקר ושוורים
A,,,402,גידול סוסים וחיות אחרות ממשפחת הסוסיים
A,,,403,גידול גמלים וחיות אחרות ממשפחת הגמליים
A,,,404,גידול צאן
A,,,405,גידול חזירים
A,,,406,גידול עופות
A,,,407,(גידול דבורים (מכוורות
A,,,408,משקים מעורבים בתחום גידול בעלי חיים
A,,,409,גידול בעלי חיים אחרים
A,,41,,פעילויות עזר לגידול בעלי חיים
A,,,410,פעילויות עזר לגידול בעלי חיים
A,,42,,"ציד, לכידה ופעילויות נלוות"
A,,,420,"ציד, לכידה ופעילויות נלוות"
B,5,,,כריית פחם ופחם חום
B,,51,,כריית פחם אבן
B,,,510,כריית פחם אבן
B,,52,,כריית פחם חום
B,,,520,כריית פחם חום
B,6,,,הפקת נפט גולמי וגז טבעי
B,,61,,הפקת נפט גולמי
B,,,610,הפקת נפט גולמי
B,,62,,הפקת גז טבעי
B,,,620,הפקת גז טבעי
B,7,,,כריית עפרות מתכת
B,,71,,כריית עפרות ברזל
B,,,710,כריית עפרות ברזל
B,,72,,כריית עפרות מתכת אל-ברזליות
B,,,721,כריית עפרות אורניום ועפרות תוריום
B,,,729,כריית סוגים אחרים של עפרות מתכת אל-ברזליות
B,8,,,סוגים אחרים של כרייה וחציבה
B,,81,,"חציבת אבן, חול וחומר"
B,,,810,"חציבת אבן, חול וחומר"
B,,89,,"חציבה וכרייה לנמ""א"
B,,,891,כריית מינרלים לכימיקלים ולדשנים
B,,,892,הפקת כָּבוּל
B,,,893,הפקת מלחים
B,,,894,כריית יהלומים
B,,,899,"סוגים אחרים של כרייה וחציבה, לנמ""א"
B,9,,,פעילויות עזר לכרייה
B,,91,,פעילויות עזר להפקת נפט גולמי וגז טבעי
B,,,910,פעילויות עזר להפקת נפט גולמי וגז טבעי
B,,99,,פעילויות עזר לסוגים אחרים של כרייה וחציבה
B,,,990,פעילויות עזר לסוגים אחרים של כרייה וחציבה
C,10,,,ייצור מוצרי מזון
C,,101,,"עיבוד בשר ושימורו, משחטות ובתי מטבחיים"
C,,,1010,עיבוד בשר ושימורו
C,,,1011,משחטות ובתי מטבחיים
C,,102,,"עיבוד דגים, סרטנים ורכיכות ושימורם"
C,,,1020,"עיבוד דגים, סרטנים ורכיכות ושימורם"
C,,103,,עיבוד פירות וירקות ושימורם
C,,,1030,עיבוד פירות וירקות ושימורם
C,,104,,ייצור שומנים ושמנים מן החי ומן הצומח
C,,,1040,ייצור שומנים ושמנים מן החי ומן הצומח
C,,105,,ייצור מוצרי חלב
C,,,1050,ייצור מוצרי חלב
C,,106,,"ייצור מיני דגנים (טחינת תבואה וגריסתה), עמילנים ומוצרים עמילניים"
C,,,1061,טחינת תבואת דגנים וגריסתה
C,,,1062,ייצור עמילן ומוצריו
C,,107,,ייצור מוצרי מזון אחרים
C,,,1070,ייצור מצות
C,,,1071,ייצור דברי מאפה
C,,,1072,ייצור סוכר
C,,,1073,"ייצור קקאו, שוקולד וממתקים"
C,,,1074,"ייצור מקרוני, אטריות, קוסקוס ומזונות עמילניים דומים"
C,,,1075,ייצור מזון מוכן 
C,,,1079,"ייצור מוצרי מזון אחרים, לנמ""א"
C,,108,,ייצור מזון מוכן לבעלי חיים
C,,,1080,ייצור מזון מוכן לבעלי חיים
C,11,,,ייצור משקאות
C,,110,,ייצור משקאות
C,,,1101,זיקוק וערבוב של אלכוהול
C,,,1102,ייצור יינות
C,,,1103,"ייצור בירה ומיני שכר, על בסיס לתת "
C,,,1104,ייצור משקאות קלים; מים מינרליים וסוגים אחרים של מים בבקבוקים
C,12,,,ייצור מוצרי טבק
C,,120,,ייצור מוצרי טבק
C,,,1200,ייצור מוצרי טבק
C,13,,,ייצור טקסטיל
C,,131,,"טווייה, אריגה וגימור של טקסטיל"
C,,,1311,"טווייה, סלילה ושזירה של חוטי כותנה וסיבי טקסטיל"
C,,,1312,אריגת טקסטיל
C,,,1313,גימור טקסטיל
C,,139,,ייצור סוגים אחרים של טקסטיל
C,,,1391,ייצור אריגים סרוגים ואריגי קרושה
C,,,1392,"ייצור פריטי טקסטיל מוכנים, פרט לפריטי לבוש"
C,,,1393,ייצור שטיחים ומרבדים
C,,,1394,"ייצור חבלים, חוטים שזורים ורשתות"
C,,,1399,"ייצור סוגים אחרים של טקסטיל, לנמ""א"
C,14,,,ייצור מוצרי הלבשה
C,,141,,"ייצור בגדים (פרט לבגדי פרווה), הלבשה תחתונה ובגדי ים "
C,,,1410,ייצור בגדים (פרט לבגדי פרווה)
C,,,1411,ייצור הלבשה תחתונה
C,,,1412,ייצור בגדי ים
C,,142,,ייצור מוצרים מפרווה (כולל בגדי פרווה)
C,,,1420,ייצור מוצרים מפרווה (כולל בגדי פרווה)
C,,143,,ייצור בגדים סרוגים ובגדי קרושה
C,,,1430,ייצור בגדים סרוגים ובגדי קרושה
C,15,,,ייצור ועיבוד של מוצרי עור ושל אביזרים נלווים
C,,151,,"עיבוד עורות; ייצור מזוודות, תיקים, אוכפים ורתמות; עיבוד וצביעה של פרוות"
C,,,1511,עיבוד עורות ועיבוד פרוות וצביעתן
C,,,1512,"ייצור מזוודות, תיקים ומוצרים דומים (פרט לבגדים ולנעליים), אוכפים ורתמות"
C,,152,,ייצור נעליים
C,,,1520,ייצור נעליים
C,16,,,"ייצור מוצרי עץ ומוצרי עץ ושעם, פרט לרהיטים; ייצור מוצרי קש ומוצרים מחומרי קליעה"
C,,161,,ניסור עץ ושיופו
C,,,1610,ניסור עץ ושיופו
C,,162,,"ייצור מוצרי עץ, שעם, קש וחומרים לקליעה"
C,,,1621,ייצור לוחות פורניר ופנלים מעץ
C,,,1622,תעשיית נגרות בניין 
C,,,1623,ייצור מכלי עץ
C,,,1629," ייצור מוצרי עץ אחרים; ייצור מוצרי שעם, קש וחומרים לקליעה"
C,17,,,ייצור נייר ומוצריו 
C,,170,,ייצור נייר ומוצריו 
C,,,1701,"ייצור עיסת עץ, נייר ונייר קרטון"
C,,,1702,ייצור נייר וקרטון גליים וייצור מכלים מנייר ומקרטון
C,,,1709,ייצור מוצרים אחרים מנייר ומקרטון
C,18,,,הדפסה ושכפול של חומר תקשורתי מוקלט
C,,181,,הדפסה ושירותים נלווים
C,,,1811,הדפסה
C,,,1812,שירותים נלווים להדפסה
C,,182,,שכפול חומר תקשורתי מוקלט
C,,,1820,שכפול חומר תקשורתי מוקלט
C,19,,,ייצור מוצרי נפט מזוקק
C,,191,,ייצור מוצרים מתנורי קוק
C,,,1910,ייצור מוצרים מתנורי קוק
C,,192,,ייצור מוצרי נפט מזוקק
C,,,1920,ייצור מוצרי נפט מזוקק
C,20,,,ייצור כימיקלים ומוצריהם
C,,201,,ייצור כימיקלים בסיסיים
C,,,2011,ייצור כימיקלים בסיסיים 
C,,202,,ייצור מוצרים כימיים אחרים
C,,,2021,ייצור חומרי הדברה וחיטוי לשימוש ביתי ולחקלאות
C,,203,,ייצור סיבים סינתטיים
C,,,2030,ייצור סיבים סינתטיים
C,,204,,ייצור דשנים ותרכובות חנקן
C,,,2040,ייצור דשנים ותרכובות חנקן
C,,205,,ייצור פלסטיק וגומי סינתטי בצורתם הראשונית (תעשייה פטרוכימית)
C,,,2050,ייצור פלסטיק וגומי סינתטי בצורתם הראשונית (תעשייה פטרוכימית)
C,,206,," ייצור צבעים, לכות וחומרי ציפוי דומים, דיו להדפסה ושרף"
C,,,2060," ייצור צבעים, לכות וחומרי ציפוי דומים, דיו להדפסה ושרף"
C,,207,,"ייצור סבון ואבקות כביסה, חומרי ניקוי והברקה, ותכשירי ניקוי ותמרוקים"
C,,,2070,"ייצור סבון ואבקות כביסה, חומרי ניקוי והברקה, ותכשירי ניקוי ותמרוקים"
C,,208,,"תעשיית מוצרים כימיקליים אחרים, לנמ""א"
C,,,2080,"תעשיית מוצרים כימיקליים אחרים, לנמ""א "
C,21,,,"ייצור תרופות, כולל תרופות הומאופתיות"
C,,210,,"ייצור תרופות, כולל תרופות הומאופתיות, לבני אדם ולשימוש וטרינרי"
C,,,2100,"ייצור תרופות, כולל תרופות הומאופתיות, לבני אדם ולשימוש וטרינרי"
C,22,,,ייצור מוצרי גומי ופלסטיק 
C,,221,,ייצור מוצרי גומי
C,,,2211,ייצור צמיגים ואבובים; שיקום צמיגים פגומים
C,,,2219,ייצור מוצרי גומי אחרים 
C,,222,,ייצור שרוולים ויריעות מפלסטיק
C,,,2220,ייצור שרוולים ויריעות מפלסטיק
C,,223,,ייצור לוחות וצינורות מפלסטיק
C,,,2230,ייצור לוחות וצינורות מפלסטיק
C,,224,,ייצור מכלים ובקבוקים מפלסטיק
C,,,2240,ייצור מכלים ובקבוקים מפלסטיק
C,,225,,ייצור מוצרים מפלסטיק משוריין
C,,,2250,ייצור מוצרים מפלסטיק משוריין
C,,226,,"ייצור מוצרים מפלסטיק למטבח, לשולחן ולבית"
C,,,2260,"ייצור מוצרים מפלסטיק למטבח, לשולחן ולבית"
C,,227,,"ייצור מוצרים מפלסטיק לשימושים טכניים, חקלאיים ותעשייתיים"
C,,,2270,"ייצור מוצרים מפלסטיק לשימושים טכניים, חקלאיים ותעשייתיים"
C,,228,,"ייצור מוצרים מפלסטיק לנמ""א"
C,,,2280,"ייצור מוצרים מפלסטיק לנמ""א"
C,23,,,ייצור מוצרים אחרים על בסיס מינרלים אל-מתכתיים
C,,231,,ייצור זכוכית ומוצרים מזכוכית
C,,,2310,ייצור זכוכית ומוצרים מזכוכית
C,,239,,"ייצור מוצרים ממינרלים אל-מתכתיים, לנמ""א"
C,,,2391,ייצור מוצרי קרמיקה (חסיני אש)
C,,,2392,ייצור חומרי בנייה מחרס
C,,,2393,ייצור מוצרים אחרים מקרמיקה ומחרסינה
C,,,2394,"ייצור צמנט, סיד וטיח"
C,,,2395,"ייצור מוצרי בטון, צמנט וטיח"
C,,,2396,"חיתוך, עיצוב וליטוש של אבנים"
C,,,2397,ייצור בטון מוכן ליציקה
C,,,2398,ייצור בלוקים 
C,,,2399,"ייצור מוצרים אחרים ממינרלים אל-מתכתיים, לנמ""א"
C,24,,,תעשיית מתכות בסיסיות
C,,241,,ייצור ברזל ופלדה בסיסיים 
C,,,2410,ייצור ברזל ופלדה בסיסיים 
C,,242,,ייצור מתכות יקרות בסיסיות ומתכות אל-ברזליות אחרות
C,,,2420,ייצור מתכות יקרות בסיסיות ומתכות אל-ברזליות אחרות
C,,243,,יציקות מתכת
C,,,2431,יציקות ברזל ופלדה
C,,,2432,יציקות מתכות אל-ברזליות
C,25,,,"ייצור מוצרי מתכת בהרכבה, פרט למכונות ולציוד"
C,,251,,"ייצור שלדי מתכת, מכלים, כלי אגירה ומחוללי קיטור ממתכת"
C,,,2511,ייצור שלדי מתכת
C,,,2512,ייצור מכלים וכלי אגירה ממתכת
C,,,2513,"ייצור מחוללי קיטור, פרט לדודי מים למערכות חימום מרכזיות"
C,,252,,ייצור נשק ותחמושת
C,,,2520,ייצור נשק ותחמושת
C,,259,,ייצור מוצרי הרכבה אחרים ממתכת; פעילויות של עיבוד מתכות
C,,,2591,"עיבוד מתכות וציפוין, חישול, לחיצה, הטבעה וגלגול של מתכות; מטלורגיית אבקות"
C,,,2592,"מסגריות, עיבוד מכני ועיבוד שבבי"
C,,,2593,"ייצור כלי עבודה ידניים, ציוד מכני כללי וסכו""ם"
C,,,2594,"ייצור אריזות ומכלים מפח, זיווד אלקטרוני ומוצרי פח לנמ""א"
C,,,2595,"ייצור רשתות, כבלים, חוטים ותיל, ממתכת ברזלית ואל-ברזלית"
C,,,2596,"ייצור כלי בישול, מבלטים ותבניות ממתכת "
C,,,2599,"ייצור מוצרי מתכת לנמ""א"
C,26,,,"ייצור מחשבים, מכשור אלקטרוני ואופטי"
C,,261,,ייצור רכיבים ולוחות אלקטרוניים
C,,,2610,ייצור רכיבים ולוחות אלקטרוניים
C,,262,,ייצור מחשבים וציוד היקפי
C,,,2621,ייצור מחשבים וציוד היקפי
C,,263,,ייצור ציוד תקשורת
C,,,2630,ייצור ציוד תקשורת
C,,264,,ייצור מוצרי צריכה אלקטרוניים
C,,,2640,ייצור מוצרי צריכה אלקטרוניים
C,,265,,"ייצור מכשירי מדידה, בדיקה, ניווט ובקרה; שעונים "
C,,,2651,"ייצור מכשירי מדידה, בדיקה, ניווט ובקרה"
C,,,2652,ייצור שעונים 
C,,266,,"ייצור ציוד הקרנה, מכשור אלקטרוני רפואי, מכשור אלקטרוני טיפולי ומכשור רפואי כירורגי"
C,,,2660,"ייצור ציוד הקרנה, מכשור אלקטרוני רפואי, מכשור אלקטרוני טיפולי ומכשור רפואי כירורגי"
C,,267,,ייצור מכשור אופטי וציוד צילום 
C,,,2670,ייצור מכשור אופטי וציוד צילום 
C,,268,,ייצור מדיה מגנטית ואופטית 
C,,,2680,ייצור מדיה מגנטית ואופטית 
C,27,,,ייצור ציוד חשמלי
C,,271,,"ייצור מנועים חשמליים, גנרטורים, שנאים ומנגנונים לאספקה ולוויסות של חשמל"
C,,,2711,ייצור מנועים חשמליים
C,,,2712,ייצור שנאים
C,,,2713,ייצור אביזרים לחלוקה ולבקרה של חשמל
C,,272,,ייצור סוללות ומצברים 
C,,,2720,ייצור סוללות ומצברים 
C,,273,,ייצור חוטי חשמל ומתקני חיווט
C,,,2731,ייצור כבלי סיבים אופטיים 
C,,,2732,ייצור סוגים אחרים של חוטים וכבלים חשמליים ואלקטרוניים
C,,,2733,ייצור מתקני חיווט
C,,274,,ייצור ציוד תאורה חשמלית 
C,,,2740,ייצור ציוד תאורה חשמלית 
C,,275,,ייצור מכשירי חשמל ביתיים
C,,,2750,ייצור מכשירי חשמל ביתיים
C,,279,,ייצור ציוד חשמלי אחר
C,,,2790,ייצור ציוד חשמלי אחר
C,28,,,"ייצור מכונות וציוד לנמ""א"
C,,281,,ייצור מכונות לשימוש כללי
C,,,2811,"ייצור מנועים וטורבינות, פרט למנועים לכלי טיס, לכלי רכב מנועיים ולאופנועים"
C,,,2812,ייצור ציוד למערכות הידראוליות ופנאומטיות
C,,,2813,"ייצור משאבות, מדחסים, ברזים ושסתומים אחרים"
C,,,2814,"ייצור מסבים, ממסרות וציוד הנעה"
C,,,2815,"ייצור תנורים מקובעים, כבשנים, מבערים ומערכות אנרגיה סולרית"
C,,,2816,"ייצור ציוד הרמה, שינוע, פריקה וטעינה"
C,,,2817,ייצור מכונות וציוד למשרד (פרט למחשבים ולציוד היקפי)
C,,,2818,ייצור כלי עבודה ידניים ממונעים
C,,,2819,ייצור מכונות וציוד אחרים לשימוש כללי
C,,282,,ייצור מכונות ייעודיות
C,,,2821,ייצור מכונות לחקלאות ולייעור
C,,,2822,ייצור מכונות וכלי עבודה ממונעים לעיצוב מתכות 
C,,,2823,ייצור מכונות לטיפול במתכות (מטלורגיה)
C,,,2824,"ייצור מכונות לכרייה, לחציבה ולבנייה "
C,,,2825,"ייצור מכונות לעיבוד מזון, משקאות וטבק"
C,,,2826,ייצור מכונות לייצור טקסטיל ומוצריו ולטיפול בעורות
C,,,2829,ייצור מכונות ייעודיות אחרות
C,29,,,ייצור כלי רכב מנועיים ונגררים 
C,,291,,ייצור כלי רכב מנועיים
C,,,2910,ייצור כלי רכב מנועיים
C,,292,,ייצור מרכבים לכלי רכב מנועיים; ייצור נגררים
C,,,2920,ייצור מרכבים לכלי רכב מנועיים; ייצור נגררים
C,,293,,ייצור חלקי חילוף ואביזרים לכלי רכב מנועיים
C,,,2930,ייצור חלקי חילוף ואביזרים לכלי רכב מנועיים
C,30,,,ייצור כלי תחבורה והובלה אחרים
C,,301,,בניית ספינות ואניות
C,,,3011,בניית ספינות ומבנים צפים
C,,,3012,בניית כלי שיט לתענוגות ולספורט
C,,302,,"ייצור קטרי רכבת, קרונות וכלי תחבורה והובלה אחרים שנעים על מסילות רכבת"
C,,,3020,"ייצור קטרי רכבת, קרונות וכלי תחבורה והובלה אחרים שנעים על מסילות רכבת"
C,,303,,"ייצור כלי טיס, חלליות וציוד נלווה"
C,,,3030,"ייצור כלי טיס, חלליות וציוד נלווה"
C,,304,,ייצור רכבי קרב צבאיים
C,,,3040,ייצור רכבי קרב צבאיים
C,,309,,"ייצור כלי תחבורה לנמ""א "
C,,,3091,ייצור אופנועים 
C,,,3092,ייצור אופניים וכיסאות גלגלים
C,,,3099,"ייצור כלי תחבורה והובלה אחרים לנמ""א"
C,31,,,ייצור רהיטים
C,,310,,ייצור רהיטים
C,,,3100,ייצור רהיטים
C,32,,,ענפי ייצור אחרים
C,,321,,"ייצור תכשיטים יקרים, תכשיטים מלאכותיים ופריטים דומים"
C,,,3211,ייצור תכשיטים יקרים ופריטים דומים 
C,,,3212,ייצור תכשיטים מלאכותיים ופריטים דומים
C,,322,,ייצור כלי נגינה 
C,,,3220,ייצור כלי נגינה 
C,,323,,ייצור ציוד ספורט 
C,,,3230,ייצור ציוד ספורט 
C,,324,,ייצור משחקים וצעצועים
C,,,3240,ייצור משחקים וצעצועים
C,,325,,"ייצור ציוד רפואי, דנטלי ואורתופדי"
C,,,3250,"ייצור ציוד רפואי, דנטלי ואורתופדי"
C,,329,,"ענפי ייצור אחרים לנמ""א"
C,,,3290,"ענפי ייצור אחרים לנמ""א"
C,33,,,"תיקון, תחזוקה והתקנה של מכונות וציוד"
C,,331,,"תיקון של מוצרי מתכת בהרכבה, מכונות וציוד"
C,,,3311,תיקון מוצרי מתכת בהרכבה 
C,,,3312,תיקון מכונות
C,,,3313,"תיקון של ציוד אלקטרוני, אופטי ורפואי"
C,,,3314,תיקון ציוד חשמלי
C,,,3315,"תיקון כלי תחבורה והובלה, פרט לכלי רכב מנועיים ולאופנועים"
C,,,3319,תיקון סוגים אחרים של מכונות וציוד
C,,332,,התקנה של מכונות וציוד תעשייתיים
C,,,3320,התקנה של מכונות וציוד תעשייתיים
C,34,,,עיבוד יהלומים
C,,340,,עיבוד יהלומים
C,,,3400,עיבוד יהלומים
D,35,,,"אספקת חשמל, גז, קיטור ומיזוג אוויר (קירור)"
D,,351,,"הפקה, תמסורת וחלוקה של חשמל"
D,,,3510,"הפקה, תמסורת וחלוקה של חשמל"
D,,,3511,ייצור חשמל באמצעות אנרגיה מתחדשת
D,,352,,ייצור ואספקת גז וגזי-דלק (טבעיים וסינתטיים) דרך צינורות ראשיים
D,,,3520,ייצור ואספקת גז וגזי-דלק (טבעיים וסינתטיים) דרך צינורות ראשיים
D,,353,,אספקת קיטור ומיזוג אוויר (קירור)
D,,,3530,אספקת קיטור ומיזוג אוויר (קירור)
E,36,,,"אגירת מים, טיפול ואספקה"
E,,360,,"אגירת מים, טיפול ואספקה"
E,,,3600,"אגירת מים, טיפול ואספקה"
E,37,,,שירותי ביוב
E,,370,,שירותי ביוב
E,,,3700,שירותי ביוב
E,38,,,"איסוף, טיפול וסילוק של אשפה ופסולת; מחזור (והשבה) של חומרים"
E,,381,,איסוף אשפה ופסולת
E,,,3811,איסוף אשפה ופסולת שאינה מסוכנת
E,,,3812,איסוף פסולת מסוכנת
E,,382,,טיפול באשפה ובפסולת וסילוקן
E,,,3821,טיפול בפסולת שאינה מסוכנת וסילוקה
E,,,3822,טיפול בפסולת מסוכנת וסילוקה
E,,383,,מחזור (והשבה) של חומרים
E,,,3830,מחזור (והשבה) של חומרים
E,39,,,שירותי טיהור ושירותים אחרים לטיפול בפסולת
E,,390,,שירותי טיהור ושירותים אחרים לטיפול בפסולת
E,,,3900,שירותי טיהור ושירותים אחרים לטיפול בפסולת
F,41,,,בניית מבנים ובניינים
F,,410,,בניית מבנים ובניינים
F,,,4101,קבלנות בניין
F,,,4102,יזמות בנייה
F,,,4103,גיוס כוח אדם לעבודה בבנייה באמצעות חברות ייעודיות
F,,,4104,בנייה והרכבה של מבנים מחלקים מוכנים
F,,,4105,"שיפוץ מבנים ועבודות בניין לנמ""א"
F,42,,,עבודות הנדסה אזרחית 
F,,421,,"כריית מנהרות, עבודות עפר, סלילת כבישים והנחת מסילות רכבת"
F,,,4210,כריית מנהרות
F,,,4211,"עבודות עפר, סלילת כבישים, בניית גשרים ומסלולי טיסה"
F,,,4212,הנחת מסילות רכבת
F,,,4213,"עבודות שטח, צביעה וסימון "
F,,422,,בניית מיזמי תשתית
F,,,4220,בניית מיזמי תשתית
F,,429,,עבודות הנדסה אזרחית אחרות
F,,,4290,עבודות הנדסה אזרחית אחרות
F,43,,,עבודות בנייה מיוחדות 
F,,431,,הריסת מבנים והכנת אתרים לבנייה
F,,,4311,הריסת מבנים
F,,,4312,הכנת אתרים לבנייה
F,,432,,"התקנת תשתיות חשמל, ביוב ואחרות"
F,,,4323,התקנת מערכות חשמל
F,,,4324,התקנת מערכות תקשורת 
F,,,4325,התקנה של מערכות בקרה והתרעה ומערכות איתות
F,,,4326,"התקנה של מערכות מים, תברואה, ביוב, תיעול וגז "
F,,,4327,התקנה של מערכות למיזוג אוויר ומתקני קירור
F,,,4328,התקנת מערכות חימום (הסקה) ומערכות אנרגיה סולרית
F,,,4329,התקנת מעליות ותשתיות בנייה אחרות
F,,433,,השלמת הבנייה וגימורה
F,,,4330,נגרות בניין
F,,,4331,"מסגרות ברזל, התקנת עבודות אלומיניום "
F,,,4332,התקנת מטבחים 
F,,,4333,עבודות טיח
F,,,4334,ריצוף וחיפוי קירות בחומרים קשים
F,,,4335,חיפוי רצפות וקירות בחומרים רכים
F,,,4336,התקנת מחיצות גבס
F,,,4337,צבעות
F,,,4338,זגגות 
F,,439,,עבודות בנייה מיוחדות אחרות
F,,,4392,עבודות בטון
F,,,4393,עבודות בנייה בלבנים ובאבן
F,,,4394,חיפוי גגות
F,,,4395,התקנת מבנים מברזל ומפלדה
F,,,4396,עבודות איטום ובידוד
F,,,4397,"עבודות גימור חיצוני לנמ""א"
F,,,4398,"השכרה של ציוד לבנייה או להריסה, כולל מפעיל"
G,45,,,מסחר סיטוני וקמעוני בכלי רכב מנועיים ובאופנועים ותיקונם
G,,451,,מסחר ותיווך בכלי רכב מנועיים חדשים ומשומשים
G,,,4511,מסחר ותיווך בכלי רכב מנועיים חדשים 
G,,,4512,מסחר ותיווך בכלי רכב מנועיים משומשים
G,,452,,תיקון ותחזוקה של כלי רכב מנועיים
G,,,4521,מוסכים כלליים לתיקון ולתחזוקה של כלי רכב מנועיים 
G,,,4522,פחחות וצבעות רכב
G,,,4523,חשמלאות רכב
G,,,4524,תיקון ומכירה של צמיגים ואבובים
G,,,4525,שירותי סיכה ורחיצה
G,,,4526,זגגות רכב ומיגון רכב
G,,,4527,"ריפוד רכב ותיקון כלי רכב מנועיים לנמ""א"
G,,453,,מסחר בחלקי חילוף ובאביזרים לכלי רכב מנועיים
G,,,4531,מסחר סיטוני בחלקי חילוף ובאביזרים לכלי רכב מנועיים
G,,,4532,מכירה קמעונית של חלקי חילוף לכלי רכב מנועיים
G,,,4533,מכירה קמעונית של אביזרים לכלי רכב מנועיים
G,,454,,"מסחר סיטוני וקמעוני באופנועים, בחלקי חילוף ובאביזרים נלווים; תחזוקה ותיקון של אופנועים "
G,,,4540,"מסחר סיטוני וקמעוני באופנועים, בחלקי חילוף ובאביזרים נלווים; תחזוקה ותיקון של אופנועים"
G,46,,,"מסחר סיטוני, פרט לכלי רכב מנועיים ולאופנועים"
G,,461,,מסחר סיטוני על בסיס עמלה או חוזה
G,,,4610,מסחר סיטוני על בסיס עמלה או חוזה
G,,462,,"מסחר סיטוני בחומרי גלם חקלאיים, בבעלי חיים, בפרחים ובצמחים "
G,,,4621,מסחר סיטוני בחומרי גלם חקלאיים
G,,,4622,מסחר סיטוני בבעלי חיים
G,,,4623,מסחר סיטוני בפרחים ובצמחים
G,,463,,"מסחר סיטוני במזון, במשקאות ובטבק"
G,,,4631,מסחר סיטוני בפירות ובירקות
G,,,4632,מסחר סיטוני בחלב ובמוצריו
G,,,4633,"מסחר סיטוני בביצים, בבשר, בעופות, בדגים ובמוצריהם"
G,,,4634,מסחר סיטוני במוצרי מזון
G,,,4635,מסחר סיטוני במשקאות קלים ובמשקאות אלכוהוליים
G,,,4636,מסחר סיטוני בטבק ובמוצריו
G,,464,,מסחר סיטוני במוצרים לבית
G,,,4640,מסחר סיטוני בטקסטיל
G,,,4641,מסחר סיטוני בביגוד
G,,,4642,מסחר סיטוני בהנעלה
G,,,4643,"מסחר סיטוני ברהיטים, במוצרי אופטיקה, בכלי בית וכלי מטבח ובטובין למשק הבית לנמ""א"
G,,,4644,מסחר סיטוני בחומרי ניקוי ובתמרוקים
G,,,4645,מסחר סיטוני בתרופות ובמוצרים רפואיים נלווים
G,,,4646,מסחר סיטוני במוצרי חשמל וגז ביתיים
G,,,4647,"מסחר סיטוני בתכשיטים, בשעונים ובחפצי חן"
G,,,4648,"מסחר סיטוני בספרים, בכתבי עת, בעיתונים, בצעצועים ובמשחקי מחשב"
G,,,4649,מסחר סיטוני בציוד ספורט
G,,465,,"מסחר סיטוני במכונות, בציוד ובאספקה"
G,,,4651,"מסחר סיטוני במחשבים, בציוד היקפי ובתכנה"
G,,,4652,מסחר סיטוני בציוד תקשורת וברכיבים אלקטרוניים
G,,,4653,"מסחר סיטוני במכונות, בציוד ובאספקה לחקלאות"
G,,,4654,מסחר סיטוני בצורכי חשמל
G,,,4655,מסחר סיטוני במכונות ובציוד לתעשייה ובחלקיהם
G,,,4656,מסחר סיטוני במכונות ובציוד משרדיים ובחלקיהם
G,,,4657,מסחר סיטוני במכונות ובציוד לבנייה ולעבודות עפר ובחלקיהם
G,,,4658,"מסחר סיטוני במכונות ובציוד ובחלקיהם לנמ""א"
G,,466,,מסחר סיטוני במוצרים אחרים
G,,,4661,"מסחר סיטוני בדלקים מוצקים, נוזליים וגזיים ובמוצרים נלווים"
G,,,4662,מסחר סיטוני במתכות ובעפרות מתכת
G,,,4664,מסחר סיטוני בעץ
G,,,4665,מסחר סיטוני בחומרי בנייה ובצורכי שרברבות
G,,,4666,מסחר סיטוני בכימיקלים
G,,,4667,מסחר סיטוני בפלסטיק ובגומי
G,,,4669,"מסחר סיטוני בנייר, בקרטון ובמוצריהם, בפסולת, בגרוטאות ובמוצרים דומים לנמ""א"
G,,467,,מסחר סיטוני ביהלומים ותיווך ביהלומים
G,,,4670,מסחר סיטוני ביהלומים
G,,,4671,תיווך ביהלומים
G,,469,,מסחר סיטוני כללי
G,,,4690,"מסחר סיטוני כללי ובסחורות לנמ""א"
G,47,,,"מכירה קמעונית, פרט לכלי רכב מנועיים ולאופנועים"
G,,471,,מכירה קמעונית בחנויות לממכר כללי
G,,,4711,"מכירה קמעונית בחנויות לממכר כללי המתמחות במוצרי מזון, במשקאות ובטבק"
G,,,4719,סוגים אחרים של מכירה קמעונית בחנויות לממכר כללי
G,,472,,"מכירה קמעונית בחנויות המתמחות במזון, במשקאות ובטבק"
G,,,4722,מכירה קמעונית בחנויות המתמחות במשקאות
G,,,4723,מכירה קמעונית בחנויות המתמחות במוצרי טבק
G,,,4724,מכירה קמעונית בחנויות מכולת ובמינימרקטים
G,,,4725,מכירה קמעונית בחנויות המתמחות בפירות ובירקות
G,,,4726,"מכירה קמעונית בחנויות המתמחות בבשר, בעופות, בדגים ובמוצריהם"
G,,,4727,מכירה קמעונית בחנויות המתמחות בדברי מאפה
G,,,4728,"מכירה קמעונית של מוצרי מזון לנמ""א"
G,,,4729,מכירה קמעונית בחנויות המתמחות בדברי מתיקה
G,,473,,מכירה קמעונית של דלק למכוניות (תחנות דלק)
G,,,4730,מכירה קמעונית של דלק למכוניות (תחנות דלק)
G,,474,,מכירה קמעונית בחנויות המתמחות בציוד מידע ותקשורת
G,,,4741,"מכירה קמעונית בחנויות המתמחות במחשבים, בציוד היקפי, בתכנה ובציוד תקשורת "
G,,,4742,מכירה קמעונית בחנויות המתמחות בציוד אודיו ווידאו
G,,475,,מכירה קמעונית בחנויות המתמחות במוצרים אחרים לבית
G,,,4751,מכירה קמעונית בחנויות המתמחות בטקסטיל
G,,,4752,"מכירה קמעונית בחנויות המתמחות בכלים ממתכת, בצבעים ובזכוכית"
G,,,4753,"מכירה קמעונית בחנויות המתמחות בשטיחים, במרבדים ובחיפויי קיר ורצפה"
G,,,4754,מכירה קמעונית בחנויות המתמחות ברהיטים
G,,,4755,מכירה קמעונית בחנויות המתמחות במוצרי חשמל וגז ביתיים
G,,,4756,מכירה קמעונית בחנויות המתמחות בכלי בית
G,,,4757,מכירה קמעונית בחנויות המתמחות בכלי נגינה
G,,,4758,"מכירה קמעונית מעורבת של רהיטים, של מכשירים ושל ציוד למשק הבית לנמ""א"
G,,476,,מכירה קמעונית בחנויות המתמחות בחפצי תרבות ופנאי
G,,,4761,"מכירה קמעונית בחנויות המתמחות בספרים, בעיתונים בציוד משרדי ובצורכי כתיבה"
G,,,4762,מכירה קמעונית בחנויות המתמחות במוזיקה ובסרטים על גבי מדיה
G,,,4763,מכירה קמעונית בחנויות המתמחות בציוד ספורט ובאופניים
G,,,4764,מכירה קמעונית בחנויות המתמחות במשחקים ובצעצועים
G,,477,,מכירה קמעונית בחנויות המתמחות בסחורות אחרות
G,,,4770,מכירה קמעונית בחנויות המתמחות בביגוד ובאביזרי ביגוד נלווים
G,,,4771,מכירה קמעונית של מוצרי עור; מכירה קמעונית מעורבת של מוצרי טקסטיל
G,,,4772,"מכירה קמעונית בחנויות המתמחות בתרופות ובמוצרים רפואיים, במוצרים קוסמטיים ובתמרוקים"
G,,,4773,מכירה קמעונית בחנויות המתמחות בהנעלה 
G,,,4774,מכירה קמעונית של סחורות משומשות
G,,,4775,מכירה קמעונית בחנויות המתמחות בחפצי אמנות ובמזכרות
G,,,4776,"מכירה קמעונית בחנויות המתמחות בציוד לצילום ובצורכי צילום, במכשור מדויק ובצורכי אופטיקה"
G,,,4777,מכירה קמעונית בחנויות המתמחות בשעונים ובתכשיטים
G,,,4778,מכירה קמעונית בחנויות המתמחות בנשק
G,,,4779,"מכירה קמעונית של סחורות אחרות לנמ""א "
G,,478,,מכירה קמעונית בדוכנים ובשווקים
G,,,4781,"מכירה קמעונית של מזון, משקאות ומוצרי טבק בדוכנים ובשווקים"
G,,,4782,"מכירה קמעונית של טקסטיל, ביגוד והנעלה בדוכנים ובשווקים"
G,,,4789,מכירה קמעונית של סחורות אחרות בדוכנים ובשווקים
G,,479,,"מכירה קמעונית שלא במסגרת חנויות, דוכנים או שווקים"
G,,,4791,"מכירה קמעונית דרך הזמנות בדואר, באינטרנט ובאמצעים אחרים"
G,,,4799,"סוגים אחרים של מכירה קמעונית, שלא במסגרת חנויות, דוכנים או שווקים"
H,49,,,הובלה יבשתית והובלה באמצעות קווי צינורות
H,,491,,הובלה במסילות ברזל
H,,,4911,הובלת נוסעים ברכבות בין-עירוניות
H,,,4912,הובלת מטענים ברכבות משא
H,,492,,הובלה יבשתית אחרת
H,,,4921,שירותי אוטובוסים בקווים קבועים
H,,,4923,הובלת מטענים בדרכים
H,,,4924,הובלת נוסעים לטיולים ולנסיעות מיוחדות באוטובוסים
H,,,4925,הובלה ברכבלים
H,,,4926,שירותי מוניות בקווים קבועים
H,,,4927,שירותי מוניות טיול ותיור
H,,,4928,שירותי מוניות בשירות מיוחד
H,,,4929,הובלת נוסעים ברכבת עירונית וברכבת פרברים 
H,,493,,הובלה באמצעות קווי צינורות
H,,,4930,הובלה באמצעות קווי צינורות
H,50,,,הובלה ימית
H,,501,,הובלה בים ובמימי החופים
H,,,5011,הובלת נוסעים בים ובמימי החופים
H,,,5012,הובלת מטענים בים ובמימי החופים
H,,502,,הובלה בנתיבי מים פנים-ארציים
H,,,5021,הובלת נוסעים בנתיבי מים פנים-ארציים 
H,,,5022,הובלת מטענים בנתיבי מים פנים-ארציים
H,51,,,הובלה אווירית
H,,511,,הובלה אווירית של נוסעים
H,,,5110,הובלה אווירית של נוסעים
H,,512,,הובלה אווירית של מטענים
H,,,5120,הובלה אווירית של מטענים
H,52,,,אחסנה ושירותי עזר לתחבורה
H,,521,,שירותי אחסון
H,,,5210,מחסנים כלליים
H,,,5211,מחסני ערובה
H,,,5212,בתי קירור
H,,,5213,ממגורות
H,,522,,שירותי עזר נלווים לתחבורה
H,,,5222,שירותי עזר להובלה ימית (שירותים של נמלי ים)
H,,,5223,שירותי עזר להובלה אווירית (שירותים של שדות תעופה)
H,,,5224,טיפול אחר במטענים
H,,,5225,מגרשי חניה
H,,,5227,עמילות מכס ושילוח סחורות
H,,,5228,"שירותי עזר להובלה לנמ""א"
H,,,5229,סוכנויות אניות וחברות תעופה
H,53,,,שירותי דואר ובלדרות
H,,531,,שירותי דואר
H,,,5310,שירותי דואר
H,,532,,שירותי בלדרות
H,,,5320,שירותי בלדרות
I,55,,,שירותי אירוח
I,,551,,שירותי אירוח 
I,,,5510,בתי מלון ובתי הארחה
I,,,5511,מלונות דירות ומלונות דרכים
I,,,5512,אכסניות נוער ובתי ספר שדה
I,,,5513,חדרי נופש להשכרה
I,,,5514,"אכסניות ושירותי אירוח לנמ""א"
I,,552,,"אתרי מחנאות (קמפינג) וקרוונים, כולל קייטנות"
I,,,5520,"אתרי מחנאות (קמפינג) וקרוונים, כולל קייטנות"
I,,559,,שירותי אירוח אחרים
I,,,5590,שירותי אירוח אחרים
I,56,,,שירותי מזון ומשקאות 
I,,561,,שירותי מזון במסעדות ובמזנונים
I,,,5610,מסעדות
I,,,5611,"קיוסקים, דוכנים ומזנונים"
I,,562,,שירותי הסעדה ושירותי מזון אחרים
I,,,5621,שירותי הסעדה פרטיים
I,,,5622,אולמות אירועים
I,,,5629,קבלני מזון ושירותי מזון אחרים
I,,563,,שירותי הגשת משקאות
I,,,5630,בתי קפה
I,,,5631,שירותי הגשת משקאות אלכוהוליים
J,58,,,הוצאה לאור
J,,581,,"הוצאה לאור של ספרים, כתבי עת ופעילויות אחרות של הוצאה לאור"
J,,,5811,הוצאה לאור של ספרים
J,,,5812,הוצאה לאור של מדריכים ורשימות תפוצה
J,,,5813,"הוצאה לאור של עיתונים, מגזינים וכתבי עת"
J,,,5819,הוצאה לאור של פרסומים אחרים
J,,582,,הוצאה לאור של תכנה
J,,,5820,הוצאה לאור של תכנה
J,59,,,"הפקה, פוסט-פרודקשן והפצה של סרטי קולנוע, סרטי וידאו, תכניות טלוויזיה, הקלטה
 והוצאה לאור של קול ומוזיקה "
J,,591,,"הפקה, פוסט-פרודקשן והפצה של סרטי קולנוע, סרטי וידאו ותכניות טלוויזיה"
J,,,5911,"הפקת סרטי קולנוע, סרטי וידאו ותכניות טלוויזיה"
J,,,5912,"פוסט-פרודוקשן של סרטי קולנוע, סרטי וידאו ותכניות טלוויזיה"
J,,,5913,"הפצת סרטי קולנוע, סרטי וידאו ותכניות טלוויזיה"
J,,,5914,הקרנת סרטים
J,,592,,הקלטת קול והוצאה לאור של מוזיקה 
J,,,5920,הקלטת קול והוצאה לאור של מוזיקה 
J,60,,,שידור תכניות רדיו וטלוויזיה
J,,601,,שידורי רדיו
J,,,6010,שידורי רדיו
J,,602,,שידור תכניות טלוויזיה
J,,,6020,שידור תכניות טלוויזיה
J,61,,,שירותי תקשורת
J,,611,,שירותי תקשורת קווית
J,,,6110,שירותי תקשורת קווית
J,,612,,שירותי תקשורת אלחוטית
J,,,6120,שירותי תקשורת אלחוטית
J,,613,,שירותי תקשורת לוויינים
J,,,6130,שירותי תקשורת לוויינים
J,,619,,שירותי תקשורת אחרים
J,,,6190,שירותי תקשורת אחרים
J,62,,,"תכנות מחשבים, ייעוץ בתחום המחשבים ושירותים נלווים אחרים"
J,,620,,"תכנות מחשבים, ייעוץ בתחום המחשבים ושירותים נלווים אחרים"
J,,,6201,תכנות מחשבים
J,,,6202,ייעוץ בתחום המחשבים וניהול מתקנים ממוחשבים 
J,,,6203,מרכזי מחקר ופיתוח תכנה
J,,,6209,שירותים אחרים בתחום טכנולוגיית המידע והמחשבים
J,63,,,שירותי מידע
J,,631,,"עיבוד נתונים, אחסון ושירותים נלווים; אתרי שער לאינטרנט"
J,,,6311,"עיבוד נתונים, אחסון ושירותים נלווים"
J,,,6312,אתרי שער לאינטרנט
J,,639,,שירותי מידע אחרים
J,,,6391,סוכנויות ידיעות
J,,,6399,"שירותי מידע אחרים, לנמ""א"
K,64,,,"שירותים פיננסיים, פרט לביטוח ולקרנות פנסיה"
K,,641,,תיווך מוניטרי
K,,,6411,בנק מרכזי
K,,,6419,סוגים אחרים של תיווך מוניטרי
K,,642,,חברות אחזקה 
K,,,6420,חברות אחזקה 
K,,643,,קרנות נאמנות וישויות פיננסיות דומות
K,,,6430,קרנות נאמנות וישויות פיננסיות דומות
K,,649,,"שירותים פיננסיים אחרים, פרט לביטוח ולקרנות פנסיה"
K,,,6491,החכר מימוני (ליסינג)
K,,,6492,סוגים אחרים של מתן אשראי
K,,,6499,"שירותים פיננסיים אחרים, פרט לביטוח ולקרנות פנסיה, לנמ""א"
K,65,,,"ביטוח, ביטוח משנה וקרנות פנסיה, פרט לביטוח לאומי חובה"
K,,651,,ביטוח
K,,,6511,ביטוח חיים
K,,,6512,ביטוח כללי
K,,652,,ביטוח משנה
K,,,6520,ביטוח משנה
K,,653,,קרנות פנסיה וקופות גמל
K,,,6530,קרנות פנסיה וקופות גמל
K,66,,,פעילויות עזר הנלוות לשירותים פיננסיים ולשירותי ביטוח
K,,661,,"פעילויות עזר הנלוות לשירותים פיננסיים, פרט לביטוח ולקרנות פנסיה"
K,,,6611,ניהול שווקים פיננסיים
K,,,6612,עמילות בניירות ערך ובסחורות
K,,,6619,פעילויות עזר אחרות הנלוות לשירותים פיננסיים
K,,662,,פעילויות עזר הנלוות לביטוח ולקרנות פנסיה
K,,,6621,הערכת סיכון ונזק (שמאות ביטוח) 
K,,,6622,פעילויות של סוכני ביטוח
K,,,6629,פעילויות עזר אחרות הנלוות לביטוח ולקרנות פנסיה
K,,663,,ניהול קרנות
K,,,6630,ניהול קרנות
L,68,,,"פעילויות בנדל""ן"
L,,681,,"פעילויות בנדל""ן בבעלות עצמית"
L,,,6810,"פעילויות בנדל""ן בבעלות עצמית"
L,,682,,"פעילויות בנדל""ן על בסיס עמלה או חוזה"
L,,,6820,"פעילויות בנדל""ן על בסיס עמלה או חוזה"
L,,,6821,"שירותי שמאות בתחום הנדל""ן"
M,69,,,שירותים משפטיים ושירותי חשבונאות
M,,691,,שירותים משפטיים
M,,,6910,שירותים משפטיים
M,,692,,"שירותי חשבונאות, הנהלת חשבונות וביקורת ספרים; ייעוץ מס"
M,,,6920,הנהלת חשבונות
M,,,6921,ראיית חשבון
M,,,6922,ייעוץ מס
M,70,,,שירותי משרדים ראשיים; שירותי ייעוץ ניהולי
M,,701,,שירותי משרדים ראשיים
M,,,7010,שירותי משרדים ראשיים
M,,702,,שירותי ייעוץ ניהולי
M,,,7020,שירותי ייעוץ ניהולי
M,71,,,שירותי אדריכלות והנדסה; בדיקות טכניות וניתוח נתונים טכניים
M,,711,,"שירותי אדריכלות, הנדסה ושירותי ייעוץ טכני-הנדסי"
M,,,7110,שירותי אדריכלות
M,,,7111,שירותי הנדסה ושירותי ייעוץ טכני-הנדסי
M,,712,,בדיקות טכניות וניתוח נתונים טכניים
M,,,7120,בדיקות טכניות וניתוח נתונים טכניים
M,72,,,מחקר מדעי ופיתוח
M,,720,,מרכזי מחקר ופיתוח
M,,,7201,מרכזי מחקר ופיתוח
M,,721,,מחקר ופיתוח בהנדסה ובמדעי הטבע
M,,,7210,מחקר ופיתוח בהנדסה ובמדעי הטבע
M,,722,,מחקר ופיתוח במדעי החברה ובמדעי הרוח
M,,,7220,מחקר ופיתוח במדעי החברה ובמדעי הרוח
M,73,,,פרסום וחקר שווקים
M,,731,,פרסום
M,,,7310,פרסום
M,,732,,חקר שווקים וסקרי דעת קהל
M,,,7320,חקר שווקים וסקרי דעת קהל
M,74,,,"סוגים אחרים של שירותים מקצועיים, מדעיים וטכניים"
M,,741,,שירותי עיצוב מקצועיים
M,,,7410,שירותי גרפיקה
M,,,7411,עיצוב אפנה
M,,,7412,עיצוב פנים ועיצוב תעשייתי
M,,742,,שירותי צילום
M,,,7420,שירותי צילום
M,,749,,"סוגים אחרים של שירותים מקצועיים, מדעיים וטכניים, לנמ""א"
M,,,7490,"סוגים אחרים של שירותים מקצועיים, מדעיים וטכניים, לנמ""א"
M,75,,,שירותים וטרינריים
M,,750,,שירותים וטרינריים
M,,,7500,שירותים וטרינריים
N,77,,,שירותי השכרה והחכרה
N,,771,,השכרה והחכרה של כלי רכב מנועיים
N,,,7710,השכרה והחכרה של כלי רכב מנועיים
N,,772,,השכרה והחכרה של מוצרים אישיים ומוצרים לבית
N,,,7721,השכרה והחכרה של ציוד לפעילויות ספורט ולפנאי
N,,,7722,השכרת דיסקים וקלטות וידאו
N,,,7729,השכרה והחכרה של סוגים אחרים של מוצרים אישיים ומוצרים לבית
N,,773,,"השכרה והחכרה של סוגים אחרים של מיכון, ציוד ורכוש מוחשי"
N,,,7730,"השכרה והחכרה של סוגים אחרים של מיכון, ציוד ורכוש מוחשי"
N,,774,,"החכרת קניין רוחני ומוצרים דומים, פרט לעבודות המוגנות בזכויות יוצרים"
N,,,7740,"החכרת קניין רוחני ומוצרים דומים, פרט לעבודות המוגנות בזכויות יוצרים"
N,78,,,שירותי תעסוקה
N,,781,,חברות השמה
N,,,7810,חברות השמה
N,,782,,חברות להעסקת כוח אדם
N,,,7820,חברות להעסקת כוח אדם
N,,783,,חברות השמה אחרות (לטווח ארוך)
N,,,7830,חברות השמה אחרות (לטווח ארוך)
N,79,,,"פעילויות של סוכנויות נסיעות, מארגני טיולים, הזמנות ושירותים נלווים"
N,,791,,פעילויות של סוכנויות נסיעות ומארגני טיולים
N,,,7911,פעילויות של סוכנויות נסיעות
N,,,7912,פעילויות של מארגני טיולים (סיטונאות בתיירות)
N,,799,,שירותי הזמנות ושירותים נלווים אחרים
N,,,7990,שירותי הזמנות ושירותים נלווים אחרים
N,80,,,"שירותי שמירה, אבטחה וחקירה"
N,,801,,שירותי שמירה ואבטחה
N,,,8010,שירותי שמירה ואבטחה
N,,802,,שירותי מערכות אבטחה
N,,,8020,שירותי מערכות אבטחה
N,,803,,שירותי חקירה
N,,,8030,שירותי חקירה
N,81,,,שירותי תחזוקה לבניינים ועבודות גינון
N,,811,,שירותי תמיכה משולבים למתקנים
N,,,8110,שירותי תמיכה משולבים למתקנים
N,,812,,שירותי ניקיון
N,,,8121,שירותי ניקיון כללי לבניינים
N,,,8129,שירותי ניקיון אחרים
N,,813,,שירותי גינון ותחזוקה
N,,,8130,שירותי גינון ותחזוקה
N,82,,,שירותי ניהול ותמיכה למשרדים ולעסקים
N,,821,,שירותי ניהול ותמיכה למשרדים
N,,,8211,שירותים משולבים בתחום הניהול המשרדי
N,,,8219,"שירותי תמיכה מקצועיים למשרדים, כולל צילום והכנה של מסמכים"
N,,822,,מוקדי שירות טלפוני
N,,,8220,מוקדי שירות טלפוני
N,,823,,ארגון כנסים ותערוכות מקצועיות
N,,,8230,ארגון כנסים ותערוכות מקצועיות
N,,829,,"שירותי תמיכה לעסקים, לנמ""א"
N,,,8291,פעילויות של סוכנויות גבייה וסוכנויות מידע לאשראי
N,,,8292,שירותי אריזה
N,,,8299,"שירותי תמיכה אחרים לעסקים, לנמ""א"
O,83,,,מינהל מקומי
O,,831,,מינהל מקומי
O,,,8310,ועדים מקומיים ואגודות שיתופיות
O,,,8311,מינהל מקומי כללי
O,,,8312,מינהל מקומי בתחומי החברה והרווחה
O,,,8313,מינהל מקומי בתחומי התשתיות
O,,832,,מינהל מקומי בתחומי הסדר הציבורי והביטחון
O,,,8323,מינהל מקומי בתחומי הסדר הציבורי והביטחון
O,,839,,"מינהל מקומי לנמ""א"
O,,,8390,"מינהל מקומי לנמ""א"
O,84,,,מינהל ציבורי וביטחון; ביטוח לאומי חובה
O,,841,,ניהול ענייני המדינה וניהול המדיניות הכלכלית והחברתית של הקהילה
O,,,8411,מינהל ציבורי כללי
O,,,8412,"פיקוח על מתן שירותי בריאות, חינוך, תרבות ושירותים חברתיים אחרים, פרט לביטוח לאומי"
O,,,8413,פיקוח על הפעילות העסקית ושיפור דרכי התנהלותה
O,,,8414,"מינהל ציבורי לנמ""א"
O,,842,,מתן שירותים קולקטיביים לקהילה
O,,,8421,ניהול ענייני החוץ
O,,,8422,פעילויות צבא והגנה
O,,,8423,שמירה על הסדר הציבורי ועל ביטחון הציבור
O,,843,,ביטוח לאומי חובה
O,,,8430,ביטוח לאומי חובה
O,,845,,מוסדות לאומיים
O,,,8450,מוסדות לאומיים
P,85,,,חינוך
P,,850,,חינוך קדם-יסודי (גני ילדים)
P,,,8501,חינוך קדם-יסודי (גני ילדים)
P,,851,,מוסדות חינוך יסודי
P,,,8510,בתי ספר יסודיים בפיקוח ממלכתי 
P,,,8511,בתי ספר יסודיים בפיקוח ממלכתי-דתי
P,,,8512,בתי ספר יסודיים בפיקוח אחר ומוסדות פטור
P,,,8513,בתי ספר יסודיים לחינוך מיוחד
P,,852,,מוסדות חינוך על-יסודי (חטיבת ביניים וחטיבה עליונה)
P,,,8520,חטיבות ביניים בפיקוח ממלכתי 
P,,,8521,חטיבות ביניים בפיקוח ממלכתי-דתי
P,,,8522,חטיבה עליונה בפיקוח ממלכתי
P,,,8523,חטיבה עליונה בפיקוח ממלכתי-דתי
P,,,8524,חטיבה עליונה בפיקוח אחר
P,,,8525,חינוך על-יסודי (חטיבת ביניים וחטיבה עליונה) במסגרת חינוך מיוחד
P,,,8526,"בתי ספר בפיקוח משרד התמ""ת"
P,,853,,מוסדות חינוך על-תיכוניים (לא אקדמיים)
P,,,8530,מכינות קדם-אקדמיות
P,,,8531,מוסדות חינוך על-תיכוניים (לא אקדמיים) להכשרת מורים 
P,,,8532,מוסדות חינוך על-תיכוניים (לא אקדמיים) להכשרת טכנאים והנדסאים 
P,,,8533,מוסדות חינוך על-תיכוניים אחרים (לא אקדמיים)
P,,854,,"מכללות אקדמיות ושלוחות של מוסדות להשכלה גבוהה מחו""ל"
P,,,8541,מכללות אקדמיות להכשרת מורים
P,,,8542,מכללות אקדמיות אחרות
P,,,8543,"שלוחות של אוניברסיטאות מחו""ל"
P,,855,,אוניברסיטאות
P,,,8550,אוניברסיטאות
P,,856,,ישיבות ובתי ספר תורניים 
P,,,8560,ישיבות ובתי ספר תורניים 
P,,857,,סוגי לימודים אחרים 
P,,,8571,קורסי ספורט ופנאי
P,,,8572,חינוך בתחום התרבות
P,,,8573,בתי ספר לנהיגה
P,,,8574,אולפנים להנחלת הלשון העברית למבוגרים
P,,,8575,מורים פרטיים
P,,,8576,"חינוך מבוגרים, קורסים, הכשרות, השתלמויות ובתי ספר לנמ""א"
P,,858,,שירותי תמיכה בתחום החינוך
P,,,8580,שירותי תמיכה בתחום החינוך
Q,86,,,שירותי בריאות
Q,,861,,בתי חולים
Q,,,8610,בתי חולים כלליים
Q,,,8611,בתי חולים לבריאות הנפש
Q,,,8612,בתי חולים סיעודיים והוספיסים
Q,,862,,מרפאות כלליות ומקצועיות ומרפאות שיניים 
Q,,,8620,מרפאות ציבוריות
Q,,,8621,מרפאות ומכוני רפואה פרטיים
Q,,,8622,רפואת שיניים
Q,,,8623,"לשכות בריאות, תחנות לבריאות המשפחה והקהילה, תחנות למניעת מחלות"
Q,,869,,"שירותי בריאות אחרים, שירותי עזרה ראשונה, שירותים פסיכולוגיים"
Q,,,8690,שירותי בריאות אחרים
Q,,,8691,שירותי עזרה ראשונה
Q,,,8692,שירותים פסיכולוגיים
Q,87,,,מגורים טיפוליים
Q,,871,,מגורים טיפוליים סיעודיים
Q,,,8710,מגורים טיפוליים סיעודיים
Q,,872,,מגורים טיפוליים למוגבלים שכלית התפתחותית ולסובלים ממחלות נפש ומהתמכרויות 
Q,,,8720,מגורים טיפוליים למוגבלים שכלית התפתחותית
Q,,,8721,מגורים טיפוליים לסובלים ממחלות נפש
Q,,,8722,מגורים טיפוליים לסובלים מהתמכרויות
Q,,873,,בתי אבות לקשישים ומגורים טיפוליים לנכים
Q,,,8730,בתי אבות לקשישים
Q,,,8731,מגורים טיפוליים לנכים
Q,,879,,מגורים טיפוליים אחרים
Q,,,8790,מגורים טיפוליים אחרים
Q,88,,,שירותי רווחה וסעד ללא מגורים
Q,,881,,שירותי רווחה וסעד ללא מגורים לקשישים ולנכים
Q,,,8810,שירותי רווחה וסעד ללא מגורים לקשישים ולנכים
Q,,882,,שירותי מטפלי בית
Q,,,8820,שירותי מטפלי בית
Q,,889,,שירותי רווחה וסעד אחרים ללא מגורים
Q,,,8890,שירותי רווחה וסעד אחרים ללא מגורים
Q,,,8891,משפחתונים ופעוטונים
R,90,,,"יצירה, אמנות ובידור"
R,,900,,"יצירה, אמנות ובידור"
R,,,9000,"יצירה, אמנות ובידור"
R,91,,,"הפעלת ספריות, ארכיונים, מוזאונים ופעילויות תרבות אחרות"
R,,910,,"הפעלת ספריות, ארכיונים, מוזאונים ופעילויות תרבות אחרות"
R,,,9101,הפעלת ספריות וארכיונים
R,,,9102,"הפעלת מוזאונים, אתרים ומבנים היסטוריים"
R,,,9103,"הפעלת גנים זואולוגיים, גנים בוטניים ושמורות טבע"
R,92,,,פעילויות הימורים והתערבויות
R,,920,,פעילויות הימורים והתערבויות
R,,,9200,פעילויות הימורים והתערבויות
R,93,,,"פעילויות ספורט, בילוי ופנאי"
R,,931,,פעילויות ספורט
R,,,9311,מתקני ספורט
R,,,9312,הפעלת מועדוני ספורט
R,,,9313,הפעלת מתקני כושר ומועדוני כושר
R,,,9319,פעילויות ספורט אחרות
R,,932,,סוגים אחרים של פעילויות בילוי ופנאי
R,,,9321,פַּרקי שעשועים
R,,,9328,הפקת אירועים
R,,,9329,"סוגים אחרים של פעילויות בילוי ופנאי, לנמ""א"
S,94,,,פעילויות של ארגוני חברים
S,,941,,פעילויות של ארגוני חברים עסקיים וארגוני חברים מקצועיים
S,,,9411,פעילויות של ארגוני חברים עסקיים
S,,,9412,פעילויות של ארגוני חברים מקצועיים
S,,942,,פעילויות של איגודי עובדים
S,,,9420,פעילויות של איגודי עובדים
S,,943,,שירותי דת
S,,,9431,שירותי הדת היהודית
S,,,9432,שירותי הדת המוסלמית
S,,,9433,שירותי הדת הנוצרית
S,,,9434,"שירותי הדת הדרוזית ושירותי דת לנמ""א"
S,,944,,"מרכזים קהילתיים (מתנ""סים)"
S,,,9440,"מרכזים קהילתיים (מתנ""סים)"
S,,949,,פעילויות של ארגוני חברים אחרים
S,,,9492,פעילויות של ארגונים פוליטיים
S,,,9499,"פעילויות של ארגוני חברים אחרים, לנמ""א"
S,95,,,"תיקון של מחשבים, ציוד אישי וציוד לבית"
S,,951,,תיקון מחשבים וציוד תקשורת
S,,,9511,תיקון מחשבים וציוד היקפי
S,,,9512,תיקון ציוד תקשורת
S,,952,,תיקון ציוד אישי וציוד לבית
S,,,9521,תיקון מוצרי צריכה אלקטרוניים
S,,,9522,תיקון מכשירי חשמל ביתיים וציוד לגינה ולבית
S,,,9523,תיקון מוצרי עור והנעלה
S,,,9524,תיקון רהיטים ואביזרים לבית
S,,,9529,תיקון סוגים אחרים של ציוד אישי וציוד לבית
S,96,,,שירותים אישיים אחרים
S,,960,,שירותים אישיים אחרים
S,,,9601,שירותי כביסה וניקוי יבש של מוצרי טקסטיל ושל פרווה
S,,,9602,עיצוב שֵׂער וטיפולי יופי אחרים
S,,,9603,ארגון הלוויות ושירותים דומים (קבורה אלטרנטיבית)
S,,,9609,"שירותים אישיים אחרים, לנמ""א"
T,97,,,משקי בית כמעסיקים (של עובדי משק בית)
T,,970,,משקי בית כמעסיקים (של עובדי משק בית)
T,,,9700,משקי בית כמעסיקים (של עובדי משק בית)
T,98,,,משקי בית המייצרים מגוון טובין ושירותים לשימוש עצמי
T,,981,,משקי בית המייצרים מגוון טובין לשימוש עצמי
T,,,9810,משקי בית המייצרים מגוון טובין לשימוש עצמי
T,,982,,משקי בית המספקים מגוון שירותים לשימוש עצמי 
T,,,9820,משקי בית המספקים מגוון שירותים לשימוש עצמי 
U,99,,,ארגונים וגופים חוץ-מדינתיים
U,,990,,ארגונים וגופים חוץ-מדינתיים
U,,,9900,ארגונים וגופים חוץ-מדינתיים
